compania,num_empleados,ganancias,perdidas
Tambee,242016,6621588,-119326
Gevee,178791,4683674,325566
Eidel,375894,8733598,850382
Trunyx,531739,412708,146460
Lazzy,588832,4711931,798168
Skalith,318515,1424017,-42765
Myworks,589958,6825225,-140004
Jazzy,15528,4848384,-405392
Buzzshare,260019,6773080,330650
Kwimbee,245796,3491818,-246349
Eimbee,71157,4795662,439562
Cogilith,516712,6651813,470097
Skimia,325896,3290214,479468
Feedbug,267279,7656989,-370610
Tazzy,543545,2536723,-21062
Mynte,54131,747797,884955
Avamm,458140,1589146,-450404
Dabtype,256693,4545024,-67210
Voolia,105842,3484928,-477234
Thoughtmix,274273,5862632,310785
Mycat,451379,2320279,-357977
Gabvine,580937,7279006,946267
Tazzy,587596,2840718,439967
Layo,86361,4217935,715637
Dabvine,433053,6383113,-68968
Zoovu,251558,472027,-100568
Shuffletag,302101,2406249,-452018
Jabbersphere,57089,4492442,5860
Topiczoom,558359,7569936,-261634
Quimba,532104,5969418,222210
Voolia,547284,6120511,-307853
Rhyzio,282114,8162146,-237997
Abata,404500,4726426,583203
Abata,220017,3982458,-287439
Devshare,178664,3413350,-77583
Feedbug,319173,3847966,265659
Wordify,144546,5485764,-183389
Jabberstorm,304082,4249074,-292178
Riffpedia,176196,3119570,-248690
Tazzy,110708,6297058,-363366
Skidoo,213555,3066217,451634
Flashpoint,359103,6798262,881133
Talane,457708,2777154,698393
Innojam,67783,4997003,215385
Realpoint,214911,5641094,-260722
Aimbo,330726,8227576,-18352
Zoombeat,158450,5738319,-274182
Trilia,441291,2291473,36407
Meevee,349450,2312215,-155743
Leexo,18131,8231708,33306
Twitterworks,165604,5988045,243319
Fliptune,409144,7747397,-424855
Buzzshare,20041,7161179,820169
Browsecat,175500,2797049,-298833
Mybuzz,435527,6160784,643920
Omba,269548,8101251,-377861
Browsedrive,521349,8692623,-368505
Quatz,426651,4317635,236247
Yadel,314528,6833787,10299
Zoomlounge,259676,7745367,646952
Rhybox,84674,5988431,440680
Fanoodle,493512,1150864,499269
Edgetag,339955,7567961,-92102
Eabox,156810,6301162,-267664
Brightbean,315298,5310512,-477891
Eidel,466053,7145899,679660
Roombo,130063,6668319,-162602
Vimbo,449079,8206176,-465770
Feedfish,416346,1807101,22320
Flashpoint,146763,8842230,-158933
Browsebug,470949,117497,-262505
Eadel,545482,4035325,-15868
Ntags,454626,6923430,-406952
Vinte,325216,6354702,-424906
Izio,168671,4737149,-75076
Mydo,101779,272444,379724
Divanoodle,151478,3598763,-230480
Blogtag,190289,5784184,289720
Kazio,323400,2674857,771059
Tagcat,240482,4201229,806637
Centizu,400162,1359510,-469304
Katz,460414,1163365,759289
Jabberstorm,171129,6753886,-466960
Cogilith,308014,2023081,273501
Mydeo,24603,8095689,877481
Divape,272980,1654823,786957
Tagfeed,197588,4991880,762446
Skipstorm,519240,2882058,934943
Thoughtbridge,209514,4193193,-482901
Yakitri,379401,1103193,-251605
Edgeclub,580157,8615069,-292397
Rhyloo,369178,987715,-124576
Quatz,104988,4845311,497487
Yadel,566085,6167772,-36526
Centizu,554653,5174189,-78498
Wikibox,200331,3464276,313977
Trilia,45686,5923909,932255
Kare,364695,6867208,761149
Abatz,431741,6643427,-135169
Youtags,145761,4792397,547486
Ailane,458409,1846405,893675
Innotype,57137,750018,324602
Mybuzz,270774,3491340,404805
Riffpath,224657,2346141,754561
Kwideo,188531,6398748,-121598
Quamba,403155,2537961,922764
Youtags,452094,5469853,170321
Trilia,309265,2636270,-189588
Jayo,373669,4751941,-222144
Skipfire,407545,2140130,534881
Jatri,20217,3511912,113733
Leenti,527193,913263,-256852
Buzzdog,398181,8265809,157919
Skibox,199704,1621841,15605
Centidel,478875,3334460,-72125
Dynabox,256124,4825703,335733
Aimbu,81097,216593,468147
Gabspot,296975,4567643,233351
Kwideo,461841,6265053,724216
Eare,577759,4812261,-260033
Wordify,580649,1059234,59592
Dabfeed,60979,1278443,-445819
Podcat,343986,176844,657
Livetube,333350,1354798,41237
Gabcube,573727,2503932,125535
Zooveo,50084,973260,247579
Meevee,19678,191044,395329
Zava,183274,1885293,158717
Thoughtblab,332406,6696869,688356
Gevee,555129,3182628,-483493
Cogilith,482150,2362875,316424
Wordify,168455,2675932,455942
Aimbu,231162,6581368,-389007
Zoomzone,204493,2157600,198803
Jabbersphere,299587,8171150,-8315
Devbug,86432,4723559,-346468
Photobean,410328,2639840,470212
Youbridge,498628,4763495,513946
Demivee,321165,7053755,-313625
Realpoint,586576,3969985,307153
Wordpedia,28300,8704403,-343667
Jabbersphere,583085,5667882,17466
Quamba,59620,1507517,-462660
Demimbu,414109,4348856,134162
Photofeed,431593,311105,639081
Linkbuzz,381780,2461053,590130
Centizu,408780,6927457,835491
Wordify,468681,6532017,-156536
Eabox,315781,3053848,610943
Twitterbridge,498160,4018162,-371118
Dynava,248472,795368,487035
Jayo,321289,6704692,-458338
Skibox,134553,1954886,294007
Gabtune,45695,4648604,51652
Meetz,230772,3588172,-12213
Jabberbean,577675,1537915,555940
Vinder,507492,4751734,482610
Eadel,182654,8902898,-419089
Voomm,201958,8521997,267915
Youopia,350508,4314148,411201
Twimbo,337240,2063180,293888
Mydo,263362,4370501,759650
Linkbuzz,352809,4814368,40072
Topicstorm,109140,2945290,355692
Jaxspan,381949,3762556,-135746
Eayo,124866,1853138,102804
Skinte,108184,2029839,-217539
Eire,225069,6160004,331021
Blognation,302283,4193573,-250444
Jabbercube,528176,3967919,120475
Twimbo,537725,2090672,860606
Avavee,528559,2883370,-419589
Wordware,326571,4855224,792866
Aivee,68454,3120736,169101
Eabox,83163,2133331,173906
Vinder,280243,6855114,160523
Devcast,436026,5207176,-331247
Thoughtstorm,597589,2854893,647330
Miboo,285640,673599,-89719
Myworks,565387,8816514,-337151
Skidoo,202113,2313865,-356635
Roodel,68039,5030844,194474
Zazio,488074,8928502,-313080
InnoZ,55198,8544142,-324156
Janyx,484613,5411275,929825
Dynazzy,568624,2828175,-35006
Dabvine,42325,4547892,-100217
Minyx,594395,2080964,-385641
Vinder,265617,5619292,265115
Trupe,378787,8164586,161672
Photofeed,367415,1813110,833854
Buzzshare,69151,7448224,227763
Rhybox,302967,1436995,33359
Jaxnation,565098,3943134,673554
Eabox,306836,8045409,52024
Skipstorm,317587,998417,-384113
Skilith,553554,7599546,94809
Youfeed,541602,3253935,-446730
Brainverse,60056,7486533,-67083
Zoonoodle,493134,4708852,-287996
Topicstorm,533174,3399327,126640
Blogpad,276406,1370632,-256118
Edgewire,523167,1744758,-149572
Voomm,111181,4471016,-62406
Fiveclub,19129,7531419,347351
Babbleopia,393143,6577949,-422430
Rhybox,170580,3798468,737997
Voonte,429722,5189852,657773
Realfire,492831,5178041,673276
Twitterwire,525224,4287110,376584
Abata,367053,8860467,-28534
Skyba,277783,6207044,80696
Gabtune,458971,8692120,529264
Roombo,60208,1564931,655591
Vidoo,45929,6564251,-32431
Voonte,209439,180220,733014
Leenti,490742,7650516,113219
Topicstorm,577469,2787537,787291
Photolist,285677,2489593,351301
Innojam,288910,7670580,338573
Pixonyx,539822,4926540,530271
Tazzy,10392,1591629,72482
Thoughtbridge,158213,1196514,-442048
Jabberbean,345298,6665883,-429142
Skyba,460653,461066,26242
Dynava,226903,2710847,450381
Lazz,223406,8537825,75956
Zoovu,170222,6391547,363132
Photobug,222179,8877920,332664
Zoomzone,507288,4183798,461977
Edgewire,113145,4041744,359259
Photobug,301086,3186513,694020
Myworks,104547,8070780,370971
Rhyloo,85248,8726412,942941
Jabbersphere,192291,8534901,150664
Youspan,319465,2199694,441468
Chatterbridge,51901,2207601,-266479
Flashspan,202552,1766122,811257
Yambee,78063,7812395,-388849
Layo,483699,8072579,885818
Voonder,555146,6861743,604069
Skippad,264779,452069,263586
Gigabox,291950,407228,-96987
Kayveo,273689,3730951,-345685
Midel,516643,3032824,677633
Aibox,195085,1836519,-192248
Twimm,115328,5524360,370303
Roodel,255785,5265326,543448
Skidoo,386710,2909451,575440
Zooveo,565010,7864617,845643
Tanoodle,232636,7113320,164561
Centizu,537715,1729336,-326611
Ozu,260855,5541479,274843
Oodoo,320728,7220186,824534
Digitube,365605,6400613,391239
Blogpad,590674,2078496,-178550
Photobug,363177,4779173,-455952
Brainbox,475066,3453385,375450
Fadeo,128852,1572153,896984
Trudoo,511681,1187867,635238
Lazzy,54260,5045455,-242294
Tagchat,124487,298264,768321
Thoughtbridge,144826,8953384,886692
Tagchat,493355,6411133,496218
Shufflester,551199,5213361,-338123
Brightdog,556609,3967350,-57969
Zoomlounge,277417,5444103,765095
Lajo,411632,8814514,192438
Vinte,249253,5613566,762635
Digitube,24729,1527772,593590
Oyoyo,296158,8858374,954950
Gabcube,294719,679100,923489
Thoughtstorm,519848,694994,567916
Riffpedia,519669,2400962,-156897
Chatterpoint,99733,4509866,-214642
DabZ,170188,899439,383938
Vimbo,39990,190362,848605
Topicstorm,140585,8375925,706162
Quire,79732,2516531,795087
Brainbox,434498,1435124,-349003
Flashset,574924,3605219,-237319
Devify,296792,1162300,-285466
Yoveo,477830,8880585,-312072
Youspan,135206,8401342,-241573
Gabtype,327376,2076243,-176524
Jabbersphere,110432,6126403,890909
Twitterwire,170365,3256831,765762
Fivebridge,409148,4037748,-3377
Mynte,424198,6337563,865306
Mybuzz,234262,6043199,654525
Quaxo,147920,8242165,-341407
Browsedrive,367033,5010134,730381
Oba,231273,268017,-143890
Latz,390654,8101773,837174
Eidel,58338,6244055,38627
Rhynyx,363022,3768202,424212
Oozz,428707,3743118,862257
Thoughtworks,27053,8881329,-8923
Aimbu,256965,5794860,906616
Jabbersphere,150952,1312868,253640
Flashpoint,140936,5834760,12874
Janyx,338478,1470445,-8517
Dabfeed,162785,6864000,26405
Devcast,284446,7879860,741619
Vidoo,104069,5493449,738202
Skajo,21530,7586353,410450
Topicware,459029,7829172,637920
Linkbridge,220795,8796893,69473
Katz,292222,2740752,-23239
Buzzshare,50283,4498493,-368896
Centimia,79473,7619489,100762
Livetube,404552,3572352,687219
Zoomzone,437993,575184,200404
Realfire,318846,1089765,515683
Snaptags,294088,3963250,53167
DabZ,133852,3075088,17434
Dabfeed,454719,1450785,746460
Realcube,515273,7149971,-58125
Browsezoom,269721,7351324,692728
Twitterbeat,470904,1534526,900872
Nlounge,461585,807755,617220
Chatterbridge,563479,4212100,816543
Photofeed,67336,1983645,9166
Roombo,443994,4519712,253313
Dazzlesphere,335895,8190317,646692
Leenti,256743,607919,-122207
InnoZ,18198,3157823,146722
Yodo,191184,1789538,294542
Zava,141743,1701172,-430506
Skipstorm,257673,8531955,659866
Fadeo,230280,8913568,290055
Eimbee,36455,124593,-235941
Brightdog,198143,8697833,97211
Photobug,293908,6152158,40400
Dabjam,461365,1754379,-440178
Gevee,218981,8578364,643107
Viva,165041,5151709,-321420
Fivespan,20433,8902756,-349937
Mymm,461374,1648846,288426
Gigabox,391914,8969345,689221
Yakitri,421360,8725446,430554
Skidoo,552937,5920799,164896
Tagtune,372181,1380825,559487
Oyope,177156,8460124,953555
Jabbersphere,228847,4148717,796887
Realfire,551625,3495647,-19733
Twitterwire,76593,8507978,182356
Realmix,77142,1304604,-45996
Aibox,251538,6975413,403967
Divanoodle,363653,4190279,922777
Wordtune,262595,7099783,-247612
Kazu,265751,6978549,114512
Plajo,43449,2322026,603570
Tekfly,552147,4319531,-360193
Kwimbee,292670,589494,699310
Twinder,178566,8244446,-376310
Rhynoodle,19143,1138642,-167454
Yabox,281810,6470224,772614
Plajo,508185,3897021,85735
Reallinks,300899,1221474,207090
Jaloo,365793,285841,-225318
Kwinu,351271,5772503,-413576
Kazio,413404,4490918,-24212
Zoomzone,370912,3734382,675014
Gabvine,365626,4734412,-248444
Thoughtbeat,402601,6702457,605806
Divavu,347349,5199439,489199
Demivee,312835,537928,490497
Photojam,134701,3511317,-186848
Youspan,163008,5760267,313828
Jaxworks,501577,3389556,746964
Jetpulse,483232,2177352,-136217
Yacero,307692,6449387,-99786
Meembee,495061,7563924,493039
Twitternation,461952,2735818,-140944
Twitternation,271432,3986019,627164
Oozz,17656,420311,218765
BlogXS,550608,3280343,-165859
Brainverse,141888,4247618,-69884
Demivee,111593,5662938,-306388
Livepath,319106,8250285,-12866
Skinte,524086,3710458,-466519
Agimba,507003,2089631,834471
Kanoodle,584998,3536150,938954
Realcube,383026,5275803,361248
Fiveclub,217734,3770844,116975
Leenti,495513,7286171,-36380
Buzzshare,183210,5429550,422156
Flashpoint,312910,1147358,323881
Livepath,391636,5482812,597620
Layo,219381,5025527,414515
Mynte,526651,8983087,794826
Zoonoodle,34308,4185782,-428006
Plambee,475884,5241507,861745
Wikizz,512711,1791118,676037
InnoZ,157203,4631997,-149076
Realpoint,14519,6748733,807511
Realbuzz,249685,7428005,202055
Linkbuzz,130894,2875916,-396383
Dynazzy,396704,8834815,446630
Myworks,45567,6067759,179929
Chatterpoint,294099,7726358,119277
Browsetype,219732,6423588,-93490
Topicstorm,421217,7481000,-44151
Skajo,432021,1523738,-123002
Zoombox,72785,633963,-177362
Leexo,369273,619235,100394
Meeveo,551130,6971300,373794
Gabspot,24977,3585339,337510
Edgetag,149000,6091095,943549
Jayo,532640,4440732,952877
Blogtags,64856,5529978,321896
Skyba,306756,8369279,922027
Mymm,595957,5324560,-339525
Npath,181672,6969783,556305
Blogspan,124977,6739855,-94535
Oba,427180,614391,-335338
Voonte,388437,4420794,-72079
Minyx,94616,8418240,575866
Jabbertype,488785,7342852,287626
Gabcube,579981,3260627,505628
Fadeo,453078,7092006,277713
Kanoodle,73805,7203735,-70225
Realbridge,264197,8519861,-334506
Blogtag,468023,3723535,-482924
Jayo,135457,3302349,534857
Buzzdog,83204,1483552,239134
Ntags,211834,6723749,54424
Oyoyo,500178,2157042,156117
Trilith,548528,5826685,567698
Katz,197363,1946846,-254316
Innojam,596422,3495060,-193112
Realblab,576077,7816868,224208
Skipfire,276226,2629276,650822
Skalith,259780,3788893,-179745
Wikizz,47318,8674502,931082
Edgewire,80758,6904303,48527
Abata,456723,1655788,-479219
Jayo,101780,2827820,97760
Izio,394212,8915904,180853
Gabtune,337899,1803806,766788
Muxo,522885,4035682,-111141
Tekfly,110644,2161789,88874
Trilia,347819,5419981,395175
Janyx,317897,7607419,630726
Vipe,458470,6791109,-274687
Thoughtmix,411448,5554105,-133151
Zoonder,580122,4870294,-276809
Plajo,426336,568940,806285
Zoomlounge,30417,2287731,375882
Tazz,409413,4272975,520210
Browsetype,329239,8141335,211140
Skimia,499752,6040855,767255
Yotz,196184,6952343,530833
Twinder,75217,3580903,117412
Digitube,583172,7997539,476607
Realpoint,82060,952431,39575
Yambee,456515,1222834,889351
Kazio,123696,5050993,183730
Realpoint,326491,1080248,-162031
Brightdog,13353,3820179,475211
Shufflebeat,241722,1936768,830020
Trudeo,232508,6862402,462747
Twitterlist,254014,3444275,400367
Youopia,11310,7444789,-431262
Meevee,63833,7409365,-194931
Gabvine,149995,8032465,52208
Vipe,46154,431601,741785
Zoombox,30969,6544578,-431191
Mycat,237714,4001303,208159
InnoZ,212825,7198841,-305420
Kimia,206294,5368183,656394
Snaptags,207849,2424223,709342
Photospace,235639,1663553,-476697
Wordtune,503478,4553526,184839
Topicblab,374696,5298283,175252
Youopia,324325,1027575,-147008
Ozu,565861,8838043,-179128
Ainyx,10930,7433292,2819
Quatz,192852,7785808,881033
Jaxnation,84171,8005861,-404641
Wordpedia,268354,5171285,-260501
Devify,157836,4277213,68101
Topiczoom,288896,4879934,858839
Vidoo,219558,2522380,-351892
Skivee,379577,7115083,942758
Yoveo,401530,2198422,-264759
Quinu,96915,6378270,653610
Jaxworks,367511,5049059,553423
Photobean,127195,1189398,359040
Skimia,269556,5572934,41064
Zoomzone,361256,5346275,766948
Quatz,258387,2748872,907027
DabZ,374729,3792974,262507
Zoonoodle,65883,5074582,-155308
Mynte,292226,1322385,503675
Eabox,231386,8778075,222313
Miboo,531128,2890076,938778
Dabshots,113931,1115716,-9142
Yadel,122664,4575252,67175
Talane,519823,3762509,418502
Dabjam,198375,8237042,-291093
Jabbersphere,451994,6290201,606234
Photofeed,529292,6142305,-64868
Zooxo,554763,1460009,-66809
Oyoba,556714,8055475,840502
Quatz,23856,3636689,-402259
Muxo,560844,2982571,-242009
Fiveclub,11007,5636934,-225319
Centidel,351420,533029,-337956
Centimia,505440,6532645,718586
Topdrive,235517,4464528,-137862
Meejo,239232,7138959,-376220
Oyope,410085,7816109,252161
Brainbox,454331,1326475,118507
Meeveo,29564,116272,790091
Twinder,196790,6053657,49223
Flashdog,76522,7235808,-189783
Skajo,329375,4939629,-68477
Divape,188710,8961188,-2576
Zava,57073,8171266,101929
InnoZ,593479,5728857,748575
Babbleset,394941,3325454,-191522
Topicstorm,191051,5926800,-402727
Voolia,140451,2142776,15402
Demizz,64538,8978005,-15503
Dynabox,299427,1408986,-79135
Vinder,398240,5269775,-234864
Rhyzio,33209,8238412,-257518
Kwinu,174565,423518,554146
Thoughtbridge,566047,8544864,-321947
Livefish,449630,4538385,317948
Oba,342306,8337718,-75585
Mita,454247,7487050,798666
Abata,173467,684851,599311
Meevee,29302,3377162,33144
Dazzlesphere,85433,1760750,288554
Shuffletag,456580,7433815,853908
Browsebug,180774,7626427,133738
Dynabox,289620,8681918,-166508
Tagchat,86214,6639275,292034
Rhynoodle,226602,6131938,886833
Flipopia,161811,5767195,-4550
Npath,129686,4711626,876753
Photolist,26134,1403972,538940
Kimia,188510,8457991,299486
Twimm,194488,2454564,236574
Fliptune,577018,4207822,107284
Camido,344407,2194523,891360
Teklist,158611,781282,-378446
Voonder,240259,2347009,532323
Plambee,526959,2682782,219364
Lazzy,83166,228183,148132
Bubblebox,596736,2562038,217822
Topicblab,228668,8045960,497785
Fadeo,312470,2341552,649501
Meeveo,133776,2179702,-314939
Zoomzone,485623,3263520,-112245
Centizu,27734,6187801,215538
Einti,202482,746126,824942
Eabox,302198,3207894,-472029
Zoozzy,476639,6441842,637003
Zooveo,482849,3286165,351361
Jetpulse,317119,1824250,-359227
Yodoo,126460,2144721,89010
Fivechat,58181,4003476,159194
Tagopia,195662,6272726,302884
Quatz,501182,7250434,660078
Edgeify,319173,1328741,85438
Mudo,344138,956319,843177
Zazio,515409,7269548,-48938
Yombu,487248,5770653,-395109
Viva,272419,3851429,535405
Jabberstorm,444183,5687806,-42268
Dablist,45571,4237195,687904
Oyoyo,516605,2495340,106456
Yodel,244941,6075256,-130261
Demimbu,515263,7974825,-415758
Oozz,45416,1876901,458094
Youopia,25145,1452724,-197101
Minyx,558610,8992335,-239889
Eazzy,69080,1780889,-346825
Linkbuzz,384182,1522958,-307236
Topicstorm,519752,4132810,652519
Wordpedia,593877,3225380,648930
Flipbug,422179,1910974,811980
Thoughtstorm,439631,7251621,-484499
Vimbo,316376,8038955,563122
Mybuzz,69970,333154,929964
Mydeo,314333,5254405,-367105
Skimia,395011,5904070,-103169
Photobean,483549,2753608,-6493
BlogXS,101612,2529555,446431
Ntag,320376,5536208,475495
Gabtype,22192,7092761,65402
Oyope,422408,3518937,356281
Vinder,363742,1421775,-271248
Jabbercube,366419,3343109,257186
Bluejam,510691,1989143,100050
Meedoo,269811,1553958,329916
Kwinu,550685,6373119,-5485
Blogpad,80185,2189271,-260445
Nlounge,297652,6237091,-285591
Voolia,366364,8935918,-106511
Zava,384656,5109231,558278
Jetpulse,216965,741137,895363
Tanoodle,389593,6082099,-33415
Yacero,488646,3876492,939935
Eazzy,188752,3914421,-45628
Centidel,277341,8312476,72748
Skiptube,69047,5717328,88609
Dynava,362584,3594106,536515
Riffpath,447514,4429264,560835
Bubblemix,161734,3801739,135240
Gigabox,371601,7273882,313735
Fanoodle,10667,2238748,202471
Dablist,399369,8896196,58292
Oyoyo,106654,2658729,-338864
Zoombeat,225946,8155042,-2867
Topicblab,190760,6392394,-406466
Browseblab,465952,8876978,-387451
Thoughtbeat,399521,3454027,-262342
Twinte,347037,8212336,792860
Buzzdog,388865,5582816,921903
Voomm,106955,8963525,-157026
Voonte,452741,2234873,103991
Linkbuzz,58783,3689578,-297440
Eazzy,446537,6204164,-83850
Rhyzio,225780,4590432,194259
Fivechat,398989,3168291,943402
Wordtune,409561,7142940,179950
Edgeify,545800,8490481,48748
Edgewire,506441,159950,-37253
Quimba,557967,2434314,170764
Dablist,221721,8850414,-222647
Myworks,281609,3971206,-124214
Jaloo,397179,3815952,116437
Meevee,403599,2763135,594591
Riffpedia,394065,4040827,-8082
Thoughtbeat,525296,4260961,114088
Skynoodle,280490,5934523,118304
Bluejam,254010,5601277,515084
Abata,287968,3329297,-62074
Babblestorm,443481,1309477,698876
Flashspan,56852,6558910,-314695
Innojam,572287,571325,-168030
Skyndu,275515,4632266,773384
Kwideo,411992,2645975,487975
BlogXS,477321,7245553,-126999
Yakitri,245881,5278715,415795
LiveZ,43485,7217914,-307614
Bluezoom,492932,2629582,399538
Fadeo,584284,230319,-444992
Rooxo,44225,5805288,-221285
Realfire,567777,777963,936329
Jayo,476414,2788493,107444
Dabshots,299856,8875195,-371025
Browsebug,133838,8934408,92566
Blogtags,46305,8035330,396230
Yakijo,223584,1836124,391296
Zazio,565326,1341000,510600
Zoonoodle,515235,5097782,726604
Reallinks,517516,354063,-382525
Jamia,482752,2451606,921045
Meemm,16299,7342832,-442982
Jabbercube,284367,393083,489022
Katz,555298,6969340,468984
Katz,359458,7952990,-434020
Twimbo,126129,1345997,-475235
Zoombox,106971,2245923,504676
Janyx,31221,4085593,-207604
Twitterbridge,405517,8535564,162929
Kamba,196370,3518707,276047
Kazio,88875,4199099,193995
Rhyloo,372432,5239836,941248
Feedfire,81581,6310781,-329628
Babblestorm,323822,1504255,814188
Yombu,216104,8871473,-234362
Jabbertype,305814,2097695,-418400
Skipstorm,474505,4264465,173411
Fiveclub,88031,8913790,-86545
Blogtags,42262,7163498,902802
Kazu,472588,3823814,17808
Flipopia,386067,6177508,486150
Buzzdog,520896,2202806,803374
Flipbug,133555,4795260,-160065
Quatz,89338,6660565,-427471
Fivechat,374544,7995310,-417190
Trupe,485633,7459314,-406454
Tavu,242749,1208326,-427074
Twitterwire,335835,7732746,-265638
Yata,209659,4998580,-219225
Thoughtmix,116158,5917077,-434359
Quire,133535,2833770,741213
Devify,443677,6780338,-37826
Geba,416595,303746,606169
Oyoba,559090,7940656,-456253
Zoomzone,595596,5743552,511423
Buzzshare,270056,5866549,-126107
Katz,596486,996251,-353928
Eamia,451611,4288706,691266
Devshare,452417,3696432,938439
Eazzy,500349,2393363,-157569
Realblab,103055,7360585,495876
Devshare,288986,3176078,-324643
Avamba,101166,5646118,-417401
Photospace,580007,7401096,-367281
Buzzdog,180124,5313949,13632
Gevee,212309,8779386,-149397
Trilia,338469,3742749,630547
Jabbersphere,325210,3398101,7092
Agivu,527476,4675443,74839
Dabjam,401226,3970904,930077
Linkbuzz,553222,3191512,835735
Pixope,212966,8441729,898588
Bluejam,498631,2148092,174466
Shuffledrive,483370,3139558,647311
Voonyx,299892,5290882,764026
Linklinks,463360,3493944,-121672
Vimbo,393239,1278941,-72919
Nlounge,457111,445706,-165583
Oodoo,445786,3013778,-52140
Kwideo,553156,1206100,-334296
JumpXS,194704,4419363,60046
Avaveo,255887,8621147,-478346
Jabbersphere,487081,2368295,939495
Plambee,359835,5986241,453280
Kimia,28996,5998305,47140
Flashspan,299141,2475043,121816
Quamba,572754,5763532,496166
Tavu,434460,6790572,795418
Innojam,304245,1994908,665017
Mynte,15798,2210256,771612
Thoughtstorm,127943,3758643,-224672
Eidel,166019,8704295,625411
Rhyloo,573783,7937437,956343
Mynte,38490,2783501,14248
Realbridge,293078,2567892,566843
Linklinks,387976,6764601,668874
Katz,118826,8043033,776086
Skalith,589489,7529805,-128424
Buzzdog,480704,5392112,-50921
Tagfeed,580564,4665604,-151969
Voonte,368188,7168750,-322426
Buzzster,158052,7439594,103683
Linktype,97405,8637512,903858
Photobug,568259,3734897,-406488
Mymm,577472,6991029,-110341
Trudeo,368500,4464098,426767
Katz,412251,5184934,-10848
Agivu,588700,3623226,-398045
Eidel,26707,8535529,641665
Fliptune,497426,4273054,-15149
Yodo,100930,4425204,197305
Browsezoom,147961,4906194,-332715
Linklinks,231064,4263844,420928
Meemm,598789,3626859,-404883
Thoughtstorm,524224,638449,-417981
Feednation,247767,220126,478464
Jetpulse,260497,6222935,423964
Zoomdog,402415,1163674,-52221
Oyoloo,406013,8498988,2297
Dazzlesphere,50313,212146,842513
Youspan,451488,7006952,587689
Mybuzz,277636,7215943,37219
Ntag,430882,1591048,588965
Meeveo,48881,6655828,943093
Aimbo,589293,8666241,340914
Edgewire,471246,4876431,-110752
Realmix,95776,2397194,-379757
Skiba,407610,4880326,-75129
LiveZ,511451,1247240,-394047
Realbuzz,384469,5738354,-418265
Pixoboo,303806,4190200,-235468
Rhynyx,493262,1889692,125616
Einti,311698,8082013,451221
Livefish,472817,3913295,382369
Oyonder,520186,8552881,698839
Jabbersphere,152672,7575697,383358
Bubblebox,167130,6984141,-373361
Mydeo,374266,3550786,-249605
Skidoo,85775,8073753,444215
Feedmix,437546,7576283,343824
Riffwire,47159,6337394,-217354
Vinder,88079,6766472,426090
Browsedrive,119530,6806286,-333035
Flipopia,112888,7371730,667402
Skyble,261337,3464860,-28265
Topicware,263551,5134404,-146436
Gevee,466135,8679337,310506
Edgeclub,358778,6869531,409655
Camimbo,407204,2374389,668020
Dabfeed,159835,6375116,-312710
Skiptube,80411,6221733,743391
Centidel,344558,8888034,556921
Zazio,232192,6670715,531509
Photospace,85940,6808229,4918
Babblestorm,559694,8983499,-276782
Demimbu,123332,2079880,744432
Fivechat,426843,4332192,-231066
Livepath,392283,618184,-444496
Realblab,169231,5585156,17862
Ooba,540829,7313750,933880
Gigabox,410743,1225756,395646
Jabbersphere,586322,6240248,-136776
Twimbo,322286,8983044,-314658
Babbleblab,53302,3989733,452535
Eidel,499765,1019849,356817
Twitterbeat,499765,7167129,53944
Oyope,555355,1017240,107799
Wikizz,495181,2155065,251149
Trudeo,237706,1129588,586738
Myworks,504919,8761276,750037
Twitternation,539917,2871919,-168726
Twimm,241108,8906552,181992
Vipe,59915,1613953,-110155
Jetpulse,479622,3864600,96305
Mudo,355056,3420648,11844
Kwinu,365405,4096470,495420
BlogXS,154484,8020516,428677
Realfire,177122,3297466,-177376
Youspan,553308,8460289,747245
Voomm,162001,7976242,423395
Camido,281356,4718839,362986
Devbug,589627,1400864,11
Oloo,165029,4228635,-379527
Kazio,249029,3688430,-41090
Dynava,254651,1137258,-32621
Yabox,94354,7472391,409435
Shufflester,283805,6451333,803868
Einti,349719,8649339,290152
Babbleopia,293785,6555055,758472
Jabbercube,596690,5481293,462597
Skyba,533315,5042001,307544
Yakidoo,565790,3140838,-171002
Eayo,43553,8933151,-297057
Zoonoodle,191168,8043672,405277
Yamia,240818,6686944,211707
Youfeed,120935,1828513,-223406
Browsecat,166689,3110592,-78686
Tekfly,51161,3462018,-422357
Rhycero,152812,8911978,-168976
Topicshots,369937,3323659,367517
Quaxo,378655,3485042,604846
Jaxnation,116968,5663969,850840
LiveZ,432371,6850446,67093
Wordify,53357,8538970,740270
Quire,366307,4009735,257513
Lajo,379485,5134766,772645
Bluejam,321421,7988416,333262
Yamia,22663,3274383,924803
Janyx,154040,1520769,-64500
Devify,519822,8964972,559150
Voonder,457424,7398394,265231
Trudoo,566200,2833197,372815
Zava,179296,7782618,189962
Mycat,92034,2458797,-169320
Devpoint,292191,5354246,249516
Skiba,361262,1787784,353510
Leenti,542443,5833368,475345
Zoomzone,175097,339068,194224
Eabox,361271,4297440,-387121
Youfeed,436356,2963776,772426
Shuffledrive,420451,8407776,-464167
Devify,214617,8281539,-28695
Thoughtsphere,221560,8330281,119807
Buzzbean,15887,2396051,192041
Kimia,527649,3682962,868307
Quire,427497,2653689,197937
Twitterbeat,275649,3840385,-184484
Dazzlesphere,53490,4346809,457059
Skipstorm,326371,7126619,-299017
Riffpath,571702,1215606,644838
Youtags,441167,2742315,-233344
Youbridge,256947,5961092,-371716
Rooxo,133581,7549153,-37805
Roombo,513398,7613624,254430
Oyonder,225894,4265108,711591
Flipopia,303761,3740086,297356
Npath,416262,1381409,367720
Skalith,152932,4273815,109825
Skalith,500321,609597,401506
Voolia,434340,1686050,866258
Thoughtworks,438269,5461327,53197
Blogspan,251507,4012580,-456247
Shuffletag,387212,1232381,404565
Abata,169864,596967,-118531
Kwimbee,196322,7419905,933876
Voonix,148769,5211277,-317834
Zoovu,462659,884356,419067
Eayo,309817,8116818,574023
Centizu,474983,7306908,830698
Plambee,333623,4104265,-365338
Tekfly,419904,6656591,905036
Lazz,340228,2655402,792092
Pixope,499591,4826695,285738
Podcat,156800,987415,343478
Yodel,343719,8224274,-373014
Meevee,411757,2681650,847243
Babbleopia,440830,4401536,228009
Podcat,252094,1292859,-295355
Wikido,105865,3176968,307880
Ailane,291324,5969282,929169
Eidel,322871,8710111,-90842
Aivee,330573,2707837,-117411
Centidel,391710,5850473,502151
Tekfly,100378,2513815,609449
Zazio,353617,4363939,568401
Thoughtstorm,275587,5879557,691649
Edgepulse,126927,652399,-476887
Youopia,131235,7447585,-118399
Wikibox,379397,2386058,-31642
Zava,387653,7839446,476259
Linkbridge,215335,8646433,-275738
Ozu,369704,8354280,727361
Thoughtblab,171772,6060586,-480072
Oyope,580570,549123,309348
Twitterworks,540345,5031238,95215
Youspan,109834,2075978,455441
Thoughtbridge,306280,5484384,-227260
Thoughtbeat,366816,1123920,700533
Lazzy,317134,1850471,-407972
Skipfire,82509,1149110,542147
Rhyzio,526117,2798529,930536
Kwinu,54552,8831141,888348
Jazzy,372781,7480856,-454452
Zoomcast,597120,4576276,820906
Yodo,41136,7333250,646173
Twitternation,215974,8507774,-20959
Thoughtblab,124336,4041184,307577
Yoveo,595494,3088180,355207
Thoughtsphere,70888,3471954,384441
Jaxbean,75845,5958173,835883
Jazzy,593813,4025290,498665
Riffpath,42568,4045533,837659
DabZ,498878,8961564,-8393
Blognation,64243,2814194,933287
Kwideo,416982,2818539,-242159
Dabjam,237177,4150274,831805
Skipstorm,222666,5615633,-412094
Realcube,517483,6167422,-154760
Skynoodle,134429,3044557,451673
Dynabox,471498,3547257,948026
Jaloo,469404,740068,710470
Trilith,467165,973475,39875
Myworks,168982,7841426,202335
Minyx,386621,928567,-154114
Youbridge,144647,2319699,-301499
Quimba,58681,5906357,-193424
Lazzy,26867,3075414,349528
Zoonoodle,40731,2740176,-211846
Kaymbo,20722,8100290,-270793
Topicblab,520993,2428070,817218
Gabtype,276297,5124049,211505
Skajo,455189,2645964,654105
Photofeed,68937,2458828,-180452
Fliptune,125021,7801488,86887
Centimia,542407,3558729,272328
Zoovu,199917,4080013,416321
Topiclounge,31243,7535214,604749
Tagtune,358588,7917376,354218
Pixonyx,518276,6420339,-276635
Jabberstorm,90645,6386678,494698
Aivee,548378,7284739,-90134
Flashset,384598,1505778,669710
Roomm,463704,2157991,-94617
Pixonyx,309567,7636913,857544
Rhyloo,516990,1021860,715927
Browsecat,246686,5779885,-347210
Quinu,46176,4669031,440095
Brightbean,496689,6789830,710264
Oyoloo,594400,2490677,211064
Photojam,392503,1776102,-123364
LiveZ,224286,4899534,190965
Layo,521098,6491175,896199
Mycat,410721,5598384,526085
Ntags,430115,8962831,598913
Wordpedia,351654,8082885,102143
Rhynoodle,394939,3216707,561211
Livepath,131125,7895017,212468
Topiclounge,557982,2667704,-3433
Voolia,495910,2128074,812275
Ainyx,562534,4743952,680261
Blogtag,540251,5116744,-273418
Gigashots,371243,5927352,630056
Agivu,41942,2264810,180963
Browsecat,376583,2956070,42767
Edgeclub,346157,2525065,107918
Abata,548975,7365091,50409
Meezzy,318722,3421075,-222093
Omba,393722,7643073,684049
Jaxbean,550610,4461246,-79705
Meejo,323199,4539258,593124
Omba,443859,2276367,340996
Dynazzy,577148,6863457,-325854
Gevee,163633,6994968,-168546
Fadeo,40942,8840387,-46376
Podcat,319952,6274097,494912
Shufflester,233681,622531,-11327
Wikivu,213749,1714272,460613
